{
    "AAPL": 210.79,
    "MSFT": 449.26,
    "GOOGL": 158.46,
    "AMZN": 208.64,
    "TSLA": 318.38,
    "META": 639.43,
    "NVDA": 123.0,
    "PYPL": 72.31,
    "INTC": 22.18,
    "CMCSA": 34.72,
    "NFLX": 1110.0,
    "ADBE": 395.94,
    "PEP": 131.68,
    "CSCO": 61.67,
    "AVGO": 221.58,
    "TXN": 187.28,
    "COST": 1016.15,
    "TMUS": 240.32,
    "AMGN": 274.76,
    "SBUX": 85.67,
    "QCOM": 152.12,
    "GILD": 103.82,
    "MDLZ": 65.83,
    "INTU": 662.3,
    "ISRG": 561.43,
    "VRTX": 439.37,
    "REGN": 575.63,
    "ILMN": 81.57,
    "ADI": 223.15,
    "CSX": 30.31,
    "MU": 92.29,
    "BKNG": 5194.99,
    "AMAT": 167.99,
    "ADP": 309.38,
    "MNST": 61.36,
    "MELI": 2504.61,
    "ADSK": 293.2,
    "JD": 36.05,
    "LRCX": 82.25,
    "EBAY": 69.16,
    "KHC": 28.15,
    "BIIB": 124.4,
    "LULU": 304.2,
    "EA": 149.27,
    "WDAY": 266.57,
    "PCAR": 95.74,
    "DXCM": 85.05,
    "CTSH": 81.81,
    "MRVL": 64.5,
    "CRM": 288.82
}