{
    "AAPL": 198.15,
    "MSFT": 388.45,
    "AMZN": 184.87,
    "GOOGL": 157.14,
    "META": 543.57,
    "TSLA": 252.31,
    "NVDA": 110.93,
    "PYPL": 62.59,
    "INTC": 19.74,
    "CMCSA": 33.72,
    "NFLX": 918.29,
    "ADBE": 352.47,
    "PEP": 144.43,
    "CSCO": 57.33,
    "AVGO": 181.94,
    "TXN": 147.6,
    "COST": 963.41,
    "TMUS": 258.67,
    "AMGN": 285.98,
    "SBUX": 85.43,
    "QCOM": 139.25,
    "GILD": 103.63,
    "MDLZ": 67.05,
    "INTU": 587.04,
    "ISRG": 493.6,
    "VRTX": 484.22,
    "REGN": 554.18,
    "ILMN": 74.78,
    "ADI": 179.16,
    "CSX": 28.01,
    "MU": 69.55,
    "BKNG": 4586.53,
    "AMAT": 144.94,
    "ADP": 299.54,
    "MNST": 58.15,
    "MELI": 1996.95,
    "ADSK": 258.45,
    "JD": 36.42,
    "LRCX": 67.48,
    "EBAY": 64.58,
    "KHC": 29.33,
    "BIIB": 115.17,
    "LULU": 261.03,
    "EA": 142.93,
    "WDAY": 226.51,
    "PCAR": 90.47,
    "DXCM": 66.14,
    "CTSH": 70.17,
    "MRVL": 53.39
}