{
    "AAPL": 196.98,
    "MSFT": 367.78,
    "AMZN": 172.61,
    "GOOGL": 151.16,
    "META": 501.48,
    "TSLA": 241.37,
    "NVDA": 101.49,
    "PYPL": 61.0,
    "INTC": 18.93,
    "CMCSA": 34.01,
    "NFLX": 973.03,
    "ADBE": 348.8,
    "PEP": 142.84,
    "CSCO": 55.76,
    "AVGO": 170.99,
    "TXN": 148.44,
    "COST": 994.5,
    "TMUS": 262.04,
    "AMGN": 277.29,
    "SBUX": 81.5,
    "QCOM": 136.66,
    "GILD": 104.54,
    "MDLZ": 67.32,
    "INTU": 585.38,
    "ISRG": 482.74,
    "VRTX": 489.1,
    "REGN": 563.16,
    "ILMN": 71.2,
    "ADI": 176.27,
    "MU": 68.8,
    "BKNG": 4573.31,
    "AMAT": 137.46,
    "ADP": 293.28,
    "MNST": 58.41,
    "MELI": 2099.37,
    "ADSK": 259.47,
    "JD": 34.72,
    "LRCX": 63.76,
    "EBAY": 66.26,
    "KHC": 29.46,
    "BIIB": 118.61,
    "LULU": 251.08,
    "EA": 145.61,
    "WDAY": 221.02,
    "PCAR": 88.17,
    "DXCM": 68.57,
    "CTSH": 69.44,
    "MRVL": 51.7
}