{
    "AAPL": 197.49,
    "MSFT": 438.17,
    "AMZN": 192.08,
    "GOOGL": 154.28,
    "META": 598.01,
    "TSLA": 284.82,
    "NVDA": 117.37,
    "PYPL": 70.48,
    "INTC": 21.0,
    "CMCSA": 34.22,
    "NFLX": 1144.43,
    "ADBE": 383.99,
    "PEP": 131.43,
    "CSCO": 59.71,
    "AVGO": 207.77,
    "TXN": 165.64,
    "COST": 1007.71,
    "TMUS": 247.49,
    "AMGN": 272.05,
    "SBUX": 82.19,
    "QCOM": 145.1,
    "GILD": 98.16,
    "MDLZ": 67.22,
    "INTU": 656.08,
    "ISRG": 538.16,
    "VRTX": 429.6,
    "REGN": 547.67,
    "ILMN": 79.58,
    "ADI": 202.78,
    "CSX": 28.96,
    "MU": 85.15,
    "BKNG": 5165.27,
    "AMAT": 156.0,
    "ADP": 307.09,
    "MNST": 60.14,
    "MELI": 2410.0,
    "ADSK": 289.62,
    "JD": 34.12,
    "LRCX": 74.9,
    "EBAY": 70.56,
    "KHC": 28.49,
    "BIIB": 118.39,
    "LULU": 282.43,
    "EA": 155.66,
    "WDAY": 257.98,
    "PCAR": 91.56,
    "DXCM": 85.34,
    "CTSH": 79.21,
    "MRVL": 57.63
}