{
    "AAPL": 198.53,
    "MSFT": 438.73,
    "AMZN": 193.06,
    "GOOGL": 152.75,
    "META": 592.49,
    "TSLA": 298.26,
    "NVDA": 116.65,
    "PYPL": 70.26,
    "INTC": 21.42,
    "CMCSA": 34.25,
    "NFLX": 1140.22,
    "ADBE": 383.28,
    "PEP": 130.44,
    "CSCO": 59.77,
    "AVGO": 208.2,
    "TXN": 172.27,
    "COST": 1008.09,
    "TMUS": 243.81,
    "AMGN": 265.86,
    "SBUX": 80.3,
    "QCOM": 145.18,
    "GILD": 96.91,
    "MDLZ": 66.37,
    "INTU": 653.88,
    "ISRG": 536.51,
    "VRTX": 424.99,
    "REGN": 527.78,
    "ILMN": 75.76,
    "ADI": 207.51,
    "CSX": 28.74,
    "MU": 85.86,
    "BKNG": 5072.54,
    "AMAT": 155.61,
    "ADP": 307.72,
    "MNST": 61.0,
    "MELI": 2450.0,
    "ADSK": 287.48,
    "JD": 33.86,
    "LRCX": 75.36,
    "EBAY": 69.51,
    "KHC": 28.07,
    "BIIB": 118.17,
    "LULU": 279.77,
    "EA": 153.3,
    "WDAY": 259.18,
    "PCAR": 90.66,
    "DXCM": 84.67,
    "CTSH": 79.17,
    "MRVL": 59.65
}