{
    "AAPL": 193.16,
    "MSFT": 359.12,
    "AMZN": 167.32,
    "GOOGL": 147.67,
    "META": 484.66,
    "TSLA": 227.5,
    "NVDA": 96.91,
    "PYPL": 60.28,
    "INTC": 18.84,
    "CMCSA": 33.6,
    "NFLX": 987.91,
    "ADBE": 343.22,
    "PEP": 141.73,
    "CSCO": 54.37,
    "AVGO": 166.21,
    "TXN": 145.61,
    "COST": 957.77,
    "TMUS": 253.48,
    "AMGN": 273.68,
    "SBUX": 80.68,
    "QCOM": 136.14,
    "GILD": 104.33,
    "MDLZ": 67.76,
    "INTU": 568.84,
    "ISRG": 468.32,
    "VRTX": 477.52,
    "REGN": 561.49,
    "ILMN": 72.0,
    "ADI": 174.99,
    "CSX": 27.46,
    "MU": 66.74,
    "BKNG": 4437.63,
    "AMAT": 135.56,
    "ADP": 284.85,
    "MNST": 58.01,
    "MELI": 2056.43,
    "ADSK": 254.27,
    "JD": 34.06,
    "LRCX": 62.39,
    "EBAY": 65.63,
    "KHC": 29.94,
    "BIIB": 116.49,
    "LULU": 253.91,
    "EA": 141.93,
    "WDAY": 214.1,
    "PCAR": 87.29,
    "DXCM": 66.11,
    "CTSH": 68.06,
    "MRVL": 49.38
}